t,v,vw,o,c,h,l,n
2024-04-26 14:18:00,2500,0.0068,0.0067,0.00706,0.00706,0.0067,3
